I love your work, please keep it up!
I l*ve your work, please keep it up!
I l**e your work, please keep it up!
I l*** your work, please keep it up!
I **** your work, please keep it up!
* **** **** ****, ****** **** ** **!
I **** **** ****, ****** **** ** **!
I **** **** work, ****** **** ** **!
I **** **** work, ****** **** it **!
I **** **** work, ****** **** it up!
I **** your work, ****** **** it up!
I **** your work, please **** it up!
I **** your work, please keep it up!
I love Wikipedia
I l*ve Wikipedia
I l**e Wikipedia
I l*** Wikipedia
I **** Wikipedia
* **** Wikipedia
* **** *********
I`d love to go out with you, but my favorite commercial is on TV.
I`d **** to go out with you, but my favorite commercial is on TV.
I`d **** to go out with you, but my favorite ********** is on TV.
I`d **** to go out with you, but my ******** ********** is on TV.
I`d **** to go out with you, but ** ******** ********** is on TV.
I`d **** to go out with you, but ** ******** ********** ** on TV.
I`d **** to go out with you, but ** ******** ********** ** ** TV.
I`d **** to go out with you, but ** ******** ********** ** ** **.
I`d **** to go out with ***, but ** ******** ********** ** ** **.
I`d **** to go out with ***, *** ** ******** ********** ** ** **.
I`d **** to go out **** ***, *** ** ******** ********** ** ** **.
I`d **** to go *** **** ***, *** ** ******** ********** ** ** **.
I`d **** to ** *** **** ***, *** ** ******** ********** ** ** **.
I`d **** ** ** *** **** ***, *** ** ******** ********** ** ** **.
*** **** ** ** *** **** ***, *** ** ******** ********** ** ** **.
If you have any questions, feel free to ask me at my talk page — I'm happy to help.
If you have any questions, feel free to ask me at my talk page — I'm ***** to help.
If you have any questions, feel **** to ask me at my talk page — I'm ***** to help.
If you have any questions, feel **** to ask me at my talk page — *** ***** to help.
If you have any questions, feel **** to ask me at my talk page — *** ***** ** help.
If you have any questions, feel **** to ask me at my talk page — *** ***** ** ****.
If you have any questions, feel **** to ask me at my **** page — *** ***** ** ****.
If you have any questions, feel **** to ask me at my **** **** — *** ***** ** ****.
If you have any questions, feel **** ** ask me at my **** **** — *** ***** ** ****.
If you have any questions, feel **** ** *** me at my **** **** — *** ***** ** ****.
If you have any questions, feel **** ** *** ** at my **** **** — *** ***** ** ****.
If you have any questions, feel **** ** *** ** ** my **** **** — *** ***** ** ****.
If you have any questions, feel **** ** *** ** ** ** **** **** — *** ***** ** ****.
If you have any questions, **** **** ** *** ** ** ** **** **** — *** ***** ** ****.
If you have any *********, **** **** ** *** ** ** ** **** **** — *** ***** ** ****.
If you have *** *********, **** **** ** *** ** ** ** **** **** — *** ***** ** ****.
If you **** *** *********, **** **** ** *** ** ** ** **** **** — *** ***** ** ****.
If *** **** *** *********, **** **** ** *** ** ** ** **** **** — *** ***** ** ****.
** *** **** *** *********, **** **** ** *** ** ** ** **** **** — *** ***** ** ****.
Good luck, and have fun.
Good luck, and have ***.
Good ****, and have ***.
Good ****, and **** ***.
Good ****, *** **** ***.
**** ****, *** **** ***.
The idea about an article is a good one, but unfortunately you've started out with an error.
The idea about an article is a **** one, but unfortunately you've started out with an error.
The idea about an article is a **** one, but unfortunately you've started out with an *****.
The idea about an article is a **** one, but unfortunately you've ******* out with an *****.
The idea about an ******* is a **** one, but unfortunately you've ******* out with an *****.
The idea about an ******* is a **** one, but unfortunately you've ******* out with an *****.
The idea about an ******* is a **** one, but ************* you've ******* out with an *****.
The idea about an ******* is a **** one, but ************* ****** ******* out with an *****.
The idea about an ******* is a **** one, but ************* ****** ******* *** with an *****.
The idea about an ******* is a **** one, but ************* ****** ******* *** **** an *****.
The idea about an ******* is a **** one, but ************* ****** ******* *** **** ** *****.
The idea about an ******* is a **** ***, but ************* ****** ******* *** **** ** *****.
The idea about an ******* is * **** ***, but ************* ****** ******* *** **** ** *****.
The idea about an ******* ** * **** ***, but ************* ****** ******* *** **** ** *****.
The idea about ** ******* ** * **** ***, but ************* ****** ******* *** **** ** *****.
The idea ***** ** ******* ** * **** ***, but ************* ****** ******* *** **** ** *****.
The **** ***** ** ******* ** * **** ***, but ************* ****** ******* *** **** ** *****.
The **** ***** ** ******* ** * **** ***, *** ************* ****** ******* *** **** ** *****.
*** **** ***** ** ******* ** * **** ***, *** ************* ****** ******* *** **** ** *****.
You did a nice job cleaning up some spammy content.
You did a **** job cleaning up some spammy content.
You did a **** job cleaning up some ****** content.
You did a **** job ******** up some ****** content.
You did a **** job ******** up some ****** *******.
You did a **** job ******** ** some ****** *******.
You did a **** job ******** ** **** ****** *******.
You did a **** *** ******** ** **** ****** *******.
You did * **** *** ******** ** **** ****** *******.
You *** * **** *** ******** ** **** ****** *******.
*** *** * **** *** ******** ** **** ****** *******.
Wow, I am utterly humbled by your amazing condescension.
Wow, I am utterly humbled by your ******* condescension.
Wow, I am utterly ******* by your ******* condescension.
Wow, I am utterly ******* by your ******* *************.
Wow, I am utterly ******* by **** ******* *************.
Wow, I am utterly ******* ** **** ******* *************.
Wow, I am ******* ******* ** **** ******* *************.
Wow, I ** ******* ******* ** **** ******* *************.
Wow, * ** ******* ******* ** **** ******* *************.
***, * ** ******* ******* ** **** ******* *************.
