do n't visit this place .,0.056758508
great low cost company .,0.017718147
came here saturday for the ufc fights .,0.038048524
everything was hot and crispy .,0.1641865
that ' s enough to check the place out .,0.022256956
the managers seemed to be running a nice place .,0.013571346
it ' s very nice to feel remembered .,0.0143253105
nice selection of bbq and sides .,0.022846194
really , everything here is great .,0.019603057
beef with chinese hot pepper .,0.08241652
another success from big burrito .,0.112643376
this is your fairly typical gringo mexican place .,0.37340668
it ' ll make more sense that way .,0.014136819
* the service was ... abrupt ?,0.02826718
* the food came out <UNK> quick .,0.022846194
* the prices were outstanding .,0.015581916
this is among the best in madison .,0.01608456
i had the poblano mole .,0.10566349
i opted for the bones for no particular reason .,0.08083374
. this is definitely the weakest part .,0.16158698
it seemed like a fine option at the time .,0.014702292
you know the deal .,0.01834645
there ' s a good tap selection , too .,0.02072494
i have no complaints about the service .,0.015079274
+ the flavor of the reuben was great .,0.06184035
a very low stress airport .,0.009424546
even security here seems relatively laid back .,0.023199737
the staff is ... i do n't know .,0.022846194
waitstaff was polite , but distant .,0.021432023
no points gained or lost there .,0.0137598375
just standard operating procedure .,0.012440401
their pepperoni and mushroom is great too .,0.027677942
my dad helped build this place .,0.019351736
i would always see people writing or doing whatever .,0.019980038
aside from that , this store is <UNK> .,0.06896287
five stars for the building itself .,0.01024134
and it ' s all completely out of line .,0.039462693
the sides are also very good .,0.0201057
the service is usually pretty standard .,0.013571346
drinks were slow to come out .,0.027677942
they do breakfast and a hibiscus lemonade .,0.02343543
<UNK> of this place is scheduled for fall .,0.043399423
they are prompt , and do a good job .,0.019226074
i did n't hesitate when they suggested mister <UNK> .,0.028620722
well , i have two roof top units .,0.030977672
five minutes later i was hooked up !,0.27236435
do not trust the salesman .,0.15213956
desert motor group sees it a different way .,0.008733413
found out that one extended warranty was refundable .,0.008482091
this is the reason to never visit a <UNK> .,0.11440011
fast , and i mean fast .,0.025910228
went the extra mile from start to finish .,0.015644746
no damage and not a second wasted .,0.07054565
i would say check it out for sure .,0.02035702
big thanks to the shop and jason .,0.006377276
i usually all over the prime rib here .,0.0414203
it really hits the spot on the cheap .,0.023553278
finally shake shack on the west coast !,0.11078331
phone staffing has always seemed polite .,0.017718147
vegas pricing for <UNK> ?,0.020960633
paul and alex are very poor technicians .,0.3302291
the car runs better than new .,0.011623607
wow , this is a very good restaurant .,0.017592486
this place is amazing .,0.021903414
definitely recommend to everyone to at least try it .,0.019100413
this place has authentic cuisine .,0.017969469
but the service is a bit crappy .,0.44573322
they ' re really poor with service .,0.26104406
tofu hut is a great place to get kbbq .,0.029799197
like they could careless about their customers .,0.07291982
they just seemed very careless .,0.045625936
if you have any doubts , do n't .,0.016838523
awful explosive diarrhea and stomach aches .,0.43965456
thanks for reading and o hope this helps .,0.010995304
this place is definitely the definition of a hole-in-the-wall .,0.15932569
i hate this place .,0.48021027
it ' s not like a traditional roll .,0.015644746
: - rrb - this place is awesome .,0.010681152
i have since purchased the extended warranty plan .,0.011058134
the daily lunchtime sandwich special is awesome .,0.016587202
nice atmosphere at tonic bar & grill .,0.022964042
just a tad better than average .,0.034984488
wow , is that hard to do ?,0.03109552
not that difficult folks .,0.104795754
only drawback is the food / concessions .,0.020842785
the food is just not that great .,0.04290464
we clearly made the right choice .,0.012880214
the service was also top notch .,0.053295042
hands down one of the best spots in town !,0.012063419
this place is awesome .,0.021549871
hot wings here are the best .,0.03545588
this hotel is a gem for downtown pittsburgh .,0.013697007
until then ... cheers !,0.012817383
the hype is real !,0.032156147
the place is a small , meat mecca .,0.17458448
this place is a <UNK> dream come true .,0.102192536
stopped in with several business colleagues for lunch .,0.01419965
looking forward to my next time back ... cheers !,0.013822667
what a treat in queen creek .,0.020960633
ca n't get any closer to chicago .,0.021667719
prices a value for the <UNK> and freshness .,0.021903414
tough <UNK> ... but expected .,0.021549871
still ended up with the best deal in town .,0.011246625
service department is really horrible - 0 * .,0.4402136
all cars will need <UNK> when brand new !,0.019477395
only place like this south east chandler .,0.05255287
food is always excellent , beer is always cold .,0.02035702
could n't recommend more .,0.018723432
this was a great find .,0.016838523
very friendly staff and a great atmosphere .,0.012566062
had a sore foot .,0.05725329
most importantly , they make the class safe .,0.012880214
' ' the decor in this place is non-existent .,0.04166769
avoid this company at all cost .,0.10089093
they carry a wide variety of beers too .,0.014890783
i have 0 companies .,0.02968135
my file was probably 0 inches thick .,0.045378547
yes , 00 days , not an exaggeration .,0.017718147
every part of the experience is user friendly .,0.018723432
they also serve the traditional vermicelli dishes .,0.02343543
what more do you need ?,0.04067813
just get used to these facts .,0.019980038
final rating : not bad .,0.022139108
they will take care of you .,0.03015274
a great experience that i would think about repeating .,0.017341165
i always get the carne asada burrito .,0.020960633
and not the cheapest .,0.011183795
chinese and mexican on one plate ?,0.15490346
the food was just above average .,0.018849092
our bill was $ 00 bucks .,0.014953613
top offs between oil changes is cool .,0.012566062
got the large 0 topping with 00 wings special .,0.053295042
. no complaints at all .,0.022139108
not a single complaint at all .,0.01608456
this place is pretty great .,0.022610499
i ' ll be back here often .,0.02072494
i def plan to stop in more often .,0.041915078
the vindaloo was really awesome .,0.051563308
it was kind of like having chunks of <UNK> .,0.04785245
no major complaints worth noting .,0.017341165
good stuff did fine by me .,0.023906821
great price and tires were like new .,0.011372286
i was booking a regular 0 bd suite .,0.021903414
upon arrival the staff was courteous .,0.009487377
the overall experience was great .,0.015393426
ever heard of <UNK> ?,0.017592486
these guys spent some serious time designing the rides .,0.034041706
lot ' s of good clean fun .,0.034748793
a big fun time .,0.022139108
front desk clerk was standard .,0.01859777
dr smith takes care of all my needs .,0.0137598375
the presentation is top notch at an affordable prices,0.06381883
this is the best burger joint in vegas .,0.013445686
we sat down and got greeted by kevin .,0.026028076
the marinara sauce had a great taste .,0.021667719
great show for the price .,0.018723432
maybe i ' ll give it a second try .,0.024731753
in that regard it is a 0 star .,0.017089844
the server was abrupt and defensive .,0.13214645
this is the best pizza ever .,0.01859777
it ' s the real deal .,0.013257195
the staff act like zombies .,0.4269174
it needs some remodeling / <UNK> .,0.01822079
the rooms are drab .,0.14082454
it is a forgettable resort .,0.04315203
we go here regularly .,0.0201057
the staff is compassionate and competent .,0.015016444
the staff is friendly and competent .,0.014450971
too bad sonora has a monopoly .,0.057005897
a negative rating would fit sonora just nicely .,0.061444655
the place is packed .,0.027560094
. total chaos inside .,0.058737632
it is like a cattle call .,0.04240986
there is no orderly flow from one to another .,0.02107848
perhaps not all portillos are run the same ?,0.019980038
i would skip this joint .,0.04166769
new york strip was simply awful .,0.3977292
a one star restaurant at best .,0.013005874
it is about profit .,0.012314741
they <UNK> repeat customers with a degree of <UNK> .,0.07687678
and i wo n't blame you .,0.09481675
try their pad thai and their curries .,0.1182615
best sushi i ' ve eaten , bar none .,0.027324399
overall : a let down on multiple levels .,0.03357032
being lactose intolerant sucks .,0.6544696
other cds tend to be over-priced .,0.020842785
bring them some poetry for me , will ya ?,0.045625936
management needs to allow self parking .,0.013634177
this place has a nice , unassuming feel .,0.03062413
it ' s a cozy diner without any frills .,0.11652588
this place is totally rad .,0.22846605
specifically , the buffalo wings are bland .,0.034277402
the white pizza was very good .,0.09872158
the ` ` upscale ' ' bar food ?,0.014011159
this place ` ` was .,0.015393426
it seemed a bit bland .,0.053295042
the filet was of excellent quality .,0.033334624
still very nicely done though and no complaints .,0.017215505
waiter was friendly and answered any and all questions .,0.009361716
it was very very good .,0.019728716
their feats are unbelievable .,0.11067997
as for the music , it is good .,0.017969469
this place is the bomb , for sure .,0.20705862
nice southern cajun accent to the dish .,0.021549871
may have to investigate further .,0.011874928
second : la <UNK> .,0.013634177
fifth : la <UNK> .,0.010618322
sixth : les <UNK> .,0.013131535
seventh : les <UNK> <UNK> .,0.013571346
<UNK> : le <UNK> .,0.010618322
tenth : les <UNK> de <UNK> .,0.01859777
caramel <UNK> infused with <UNK> , chocolate rice souffle .,0.03357032
this is quite amazing .,0.026028076
do n't expect to have a quick beer .,0.01646154
they ' re both good .,0.014953613
at any rate , this month - lrb - ?,0.008984734
it truly is a very eclectic display sometimes .,0.01847211
<UNK> fan of the tacos al pastor .,0.01608456
to be expected in verrado , i suppose ?,0.049336795
it made the night fly by .,0.027677942
the bartenders are all very nice .,0.033334624
i found this place to be extremely mediocre .,0.41445592
great food for a sports bar .,0.014702292
excellent atmosphere that really screams vegas .,0.1013248
burger bar , amazing food and a great atmosphere .,0.017969469
and lastly trattoria del <UNK> from wolfgang puck .,0.027913637
so much for booking months in advance .,0.011623607
for $ 0 it would be hard to complain .,0.022728346
this place lacks modern amenities most take for granted .,0.038048524
just outside are noisy kids and the <UNK> .,0.28312725
the proportions was large and very tasty .,0.049584184
not gon na happen .,0.012691722
here ' s the deal .,0.013948329
plenty of restaurants have bad service .,0.11088664
the management has n't made a single change .,0.018095128
the food is great here .,0.016838523
the counter service is just abysmal .,0.1182615
the sandwich selection is excellent .,0.019477395
got irritable because i wanted to use credit card .,0.11739369
dave and <UNK> in particular provide consistently excellent service .,0.008010864
i use the monorail daily .,0.017843807
this is n't ideal .,0.027442247
on the prior visit , same thing .,0.011183795
vegas local , here .,0.013131535
i live at mgm / signature .,0.024731753
what ' s their target demographic ?,0.013822667
who are they trying to appeal to ?,0.013634177
my recommendation is to skip sls .,0.10783285
so many great hotels in this town .,0.010555492
this is a great place to live .,0.017089844
you only get a few channels and no dvr .,0.050326355
gym : great gym .,0.022374803
then i found out why they do it .,0.013948329
it ' s a great place to live .,0.01426248
the palazzo provides exactly that and in spectacular fashion .,0.024731753
got irritable because i wanted to use credit card .,0.11739369
threw my baggage to curbside after arriving at airport .,0.035220183
plus - the staff is phenomenal .,0.014136819
it ' s my go-to place in vegas .,0.017843807
had the gyros and it was simply amazing .,0.05280026
the dinning area ambiance was dark and quiet .,0.02873857
just good times and bad art .,0.102192536
' ' http://url local products by local people .,0.028149333
first time trying this place .,0.017969469
prices are also typical of most chinese food joints .,0.023199737
most dinner dishes are under or around $ 00 .,0.010555492
the dinning experience is actually pretty decent .,0.01847211
its free up to $ 0 by the way .,0.016712861
this place is a little pricey .,0.03781283
cheap food , quick service .,0.028149333
the staff there are lightning quick with your orders .,0.023788974
there smoothies are like any other smoothie joint .,0.045625936
it was simply amazing .,0.021549871
i love the braised bbq chicken taco !,0.034041706
very <UNK> crowds there at times .,0.027324399
the staff are friendly and very quick .,0.017089844
0 rolls , 0 dumplings for $ 0.00 .,0.025556687
the ambiance was modern and cool .,0.016838523
the prices are very easy on the wallet .,0.012566062
the beer was fantastic .,0.017341165
this bar has a very modern and nice interior .,0.017718147
it is a metal top bar .,0.039226998
we recommend the smashed apple and cucumber mint mojito .,0.026263772
the service here is one of two stories .,0.013068704
the well drink had a weak pour .,0.0466155
typically , cigars meet whiskey and not coffee .,0.014513801
the bar area is relatively large .,0.020607091
all items tasted good and were well done .,0.01822079
they have decent mixers and beer selection .,0.016712861
the tap beer selection is extensive .,0.01822079
we had a great experience at seviche .,0.016838523
in addition , he made excellent mixed drinks .,0.022139108
<UNK> is the best bar in mount washington .,0.015016444
they have a solid draft selection .,0.01646154
they make their food with the freshest ingredients available .,0.015833238
be sure to stop in for some outstanding food !,0.037577134
all were good ` ` bar ' ' appetizers .,0.017592486
it ' s not a park bench .,0.01024134
treat them and their space with a little respect .,0.03015274
what a giant mistake .,0.06104896
great <UNK> which is not exactly pizza .,0.029092113
good but something missing .,0.023553278
not gon na <UNK> city hall for me .,0.021432023
i put it behind bianco but just slightly .,0.11202335
better than binkley ' s .,0.026735162
. best sandwich shop in scottsdale .,0.0103670005
that is all ... its byob .,0.046368107
the service is interesting but not bad .,0.022964042
it is what it is .,0.015016444
good times ... this place is the real deal .,0.01847211
this place is ok but nothing spectacular .,0.053295042
the pizza is perfect .,0.019854378
the wait is what it is .,0.015267765
here ' s the deal .,0.013948329
this place is one of them .,0.021785567
it ' s actually quite good .,0.016210219
this is great kansas city bbq .,0.02343543
. food was amazing .,0.01822079
. what more can be said .,0.020607091
awesome atmosphere always super positive staff .,0.015833238
not to mention the amazing outdoor section .,0.016587202
i guess they have room to expand .,0.0201057
occasionally its closed during the colder , windy winters .,0.012691722
they put on a fantastic flair show hourly .,0.021314176
i have seen this show probably 000 + times .,0.03734144
the video <UNK> are awesome .,0.03192045
could the place use an upgrade ?,0.013131535
nice casual irish pub with awesome food .,0.03015274
the live music is great .,0.024142517
it ' s a burger and beer joint .,0.011372286
classic breakfast place for locals and non chain lovers .,0.027677942
i went with the chili omelet which was excellent .,0.02048268
great hidden spot in las vegas !,0.013382856
fair enough , so i paid it .,0.017215505
he was the sole nice person i communicated with .,0.021785567
great place to get brunch .,0.01646154
all was good but squid was a little stinky .,0.39021665
very nice people running the place .,0.016587202
about average on the cleanliness for an asian place .,0.09655223
the gyro and fries were good .,0.023671126
doing that would <UNK> my perfect image .,0.03545588
the food is decent and cheap as well .,0.01608456
vegan donuts , in vegas no less .,0.038991302
go for the beer .,0.024613906
montreal for the win .,0.012503231
great pizzas , great subs at a great price .,0.037105743
dry cleaning cost was very reasonable as well .,0.017969469
not sure where these 0 - stars come from .,0.032863233
do n't be fooled by the <UNK> ratings .,0.075294
i suggest a visit if you have never been .,0.03545588
the service was phenomenal .,0.02107848
the wagyu beef is phenomenal .,0.10002319
i ' m particularly fond of the avocado blt .,0.028385026
the great thing is the selection of food offerings .,0.011937759
everything about the eiffel tower restaurant screams high-end .,0.083999306
service is excellent and get top marks .,0.015267765
go to maggiano ' s for great italian food .,0.017089844
just please , do n't go here .,0.10653123
do n't <UNK> the battista ' s <UNK> .,0.046120718
this place is simply wonderful .,0.0201057
purple rice ? ! <UNK> ?,0.027088705
you and your team rock !,0.015267765
and that was about it .,0.016210219
- lrb - ok - kidding here .,0.026028076
pray to the taco gods at taco guild !,0.04686289
the elevator shaft is pleasantly nauseating .,0.26293078
the <UNK> location does n't disappoint either .,0.021785567
the <UNK> of durant ' s did n't disappoint .,0.041172907
this place is a true treasure .,0.015142105
that comes to you .,0.027206551
constantly and without much waiting ... .,0.014073989
care to challenge my mad sushi eating skills ?,0.24924077
regardless , 0 well deserved stars .,0.054531995
excellent service from start to finish .,0.011623607
screaming orgasm : stunning .,0.47772613
crazy horse : very good .,0.1798404
highly recommended for late night <UNK> <UNK> .,0.030270588
bring your own cigar .,0.08795626
the selection in the bar is fairly weak .,0.11171334
fantastic people watching though .,0.021196328
no one really respects anything anymore .,0.11912931
no one in suits or even nice clothing .,0.09438288
classic burger : <UNK> .,0.012943043
something unusual and very good : smash .,0.28087774
to sum it up : nobu clone .,0.08083374
shibuya markets itself as something of a sake destination .,0.051068526
the fried calamari appetizer is well done .,0.020231359
always pair it with athens fries .,0.019100413
<UNK> are all very good .,0.023317585
recent expansion helps a lot .,0.011372286
nothing was short of very good .,0.020607091
ca n't go wrong here .,0.019100413
reasonably kid friendly too .,0.022021262
you could do a lot worse though .,0.16591948
overall , simply outstanding .,0.015079274
a very very well done place .,0.015016444
chased it all with a glass of <UNK> .,0.14082454
easily the best japanese in the city .,0.05255287
quality here made me ignore the final bill .,0.07450261
another excellent time at raku .,0.06065326
everything , including the service , is excellent .,0.014827953
the happy hour menu is outstanding .,0.022021262
most of the bar staff are !,0.035691574
got us right in at 0pm with no reservations .,0.016964182
fast food at expensive prices .,0.0137598375
clumpy canned nacho sauce .,0.16158698
however , the middle-aged white guy is just stupid .,0.8403191
have been a regular for 0 years .,0.031449065
` ` i ca n't do split payments .,0.013697007
not worthy of my business .,0.11479026
the crew recognizes you after a few times !,0.027442247
veggie sushi platter good .,0.024142517
update : the car never had an oil leak .,0.006345861
i said i would be 0 minutes late .,0.029799197
it was 0 minutes folks .,0.07450261
i work in the same area .,0.010618322
came in the normal basket .,0.03357032
here ' s the deal .,0.013948329
the shredded lettuce covered the basket and sandwich .,0.03781283
it seems to be getting worse and worse .,0.11739369
it is well worth it .,0.017718147
this time was different .,0.01633588
probably wo n't be going again .,0.01859777
a chain is a chain is a chain .,0.031449065
the calamari was dry and brittle .,0.067380086
the prime rib <UNK> .,0.063423134
the fish <UNK> good .,0.026970858
first time ever at an outback .,0.021667719
nice ballpark , easily accessible .,0.011749268
this place is pretty bomb .,0.23162876
cool atmosphere with excellent pizza , salads & wine .,0.015016444
<UNK> i ' ve had was outstanding .,0.021785567
great everything , from sushi to wings to drinks .,0.02035702
outside bar is cool .,0.034748793
right across from dbacks & suns venues .,0.010618322
saw the 0000 here in may .,0.011937759
the venue is very nice .,0.019100413
not pretentious , but neither was it dull .,0.24924077
this place used to be nice .,0.022139108
so why only two stars ?,0.013822667
this place is a disgrace to scotland !,0.50789946
a truly nasty place .,0.37751234
the cafe is simply atrocious .,0.2786282
they ' re basically <UNK> <UNK> in a tube .,0.15269235
- rrb - that ' s just an example .,0.007822373
too many people in the class .,0.032391842
lastly , the clientele of this gym is weak .,0.32764325
bad , bad , bad .,0.2396185
the guy is garbage .,0.78207105
great service and great value .,0.012817383
convenient location near the phoenix airport .,0.008010864
few downsides : <UNK> - they were very loud .,0.054779384
outdated - overall the rooms are <UNK> .,0.048842013
it would not close all the way shut .,0.027913637
food is just ok .,0.016712861
chili verde <UNK> also very good .,0.011120965
they have a great beer selection .,0.01426248
lightly battered n crunchy .,0.11398677
the place has a nice vibe .,0.020842785
ask for robert , very helpful and knowledgeable .,0.0075710523
very knowledgeable and friendly .,0.015833238
beef tenderloin was excellent .,0.03015274
def order the millionaire tacos .,0.028149333
tuna tartare tacos were awesome , order 0 !,0.024613906
once again no charge until he installed them today .,0.014890783
and the parts and labor were very fairly priced .,0.009927189
another good job well done .,0.014073989
main garage door operational bracket broke .,0.013445686
rusty came over at 0pm to check it out .,0.023553278
the sides were great also .,0.023199737
both excellent as well .,0.014011159
it was loaded with clams and very tasty .,0.03828422
charleston ' s take on escargot .,0.06896287
the food was good but not spectacular .,0.032391842
i ordered fish n chips which were average .,0.02107848
large portion gets a thumbs up .,0.039462693
the black and blue beer was great .,0.045625936
food was ok nothing great .,0.057005897
i had the lunch special , paneer vindaloo .,0.020231359
chicken fried rice dish is large and tasty .,0.024613906
dry n small tamales .,0.06579731
excellent value for all you get .,0.02826718
yelp it , it ' ll come up .,0.021196328
they shrink wrapped all of my furniture .,0.061444655
their rates are competitive and fair .,0.011120965
you pay for what you get .,0.055768944
the pizza is good .,0.019854378
the filet was buttery soft n very tasty .,0.028974265
meatball and spicy chicken wing appetizers were very good .,0.030034892
good place for a casual meal .,0.023788974
the pizza is good too .,0.017592486
cheese quesadilla was good also w queso fresco .,0.007539637
the <UNK> hotdog is different but very good .,0.046368107
paul <UNK> was great to work with .,0.011497946
the pork belly and sea bass were good .,0.041172907
blue cheese balsamic burger is tasty .,0.021549871
lettuce wraps are good .,0.036634352
sunday brunch menu is great .,0.012566062
wow ! ! ! this place rocks !,0.02107848
its gotten considerably worse .,0.11912931
ask for tommy and or <UNK> great waiters .,0.022846194
now to the meal .,0.024849601
the overall occasion is a must return .,0.017969469
the smoke flavor was good but not overwhelming .,0.033806015
just the right smoke .,0.046120718
counter service by very helpful team .,0.01438814
the brisket was a little fatty .,0.21776234
the dinning area seats maybe 00 .,0.016587202
a cannoli and <UNK> .,0.059479803
just need some help with the space and organization .,0.015833238
i would recommend this to anyone anytime of day .,0.023788974
this is real pizza .,0.0201057
the dining room is clean .,0.018723432
it is an easy fast quality meal .,0.016838523
plenty of space for the whole gang .,0.06579731
the atmosphere is good .,0.020231359
the music is a bit loud for conversation .,0.04785245
the chefs special of braised beef <UNK> was excellent .,0.046368107
what kind of sports bar is this ?,0.0201057
the place is about a third full .,0.01859777
the bar starts 0 feet from the table .,0.015833238
the service is always great .,0.014953613
it was great to say the least .,0.02543884
' ' well sir , you are mistaken .,0.06500591
procedure was 000 % more than quoted .,0.011686437
i ordered a italian hoagie .,0.06579731
will not order from again .,0.025556687
the other reviews are all on point .,0.011372286
when i ' m in town .,0.016964182
what more can you ask for right !,0.02343543
price is why i came here .,0.021432023
i stayed at ph back in march .,0.009550206
wow , where do i begin .,0.020231359
ok , lets move on to the burger .,0.021549871
all other reviews are on point .,0.011183795
which was pretty stellar .,0.019477395
chips get 0 stars .,0.07450261
a 00 minute wait time doubled to 00 .,0.020607091
ok , but not recommended .,0.017215505
house potatoes - 0.0 stars - very good .,0.03639866
they charged us around $ 0 for this omelette .,0.018723432
avoid the inside for business transactions .,0.014953613
it is very frustrating at this branch .,0.11192002
tough choice between the meatball parm and chicken parm .,0.02873857
have gone back about three times before posting here .,0.02343543
always hits the spot .,0.028502874
very cool to hangout out in mellow setting .,0.044883765
lost on slots but had a good time .,0.026617315
also ate at <UNK> land and sea .,0.026617315
bone in rib eye is out of this world .,0.22846605
i escalated to the district manager .,0.031684756
really enjoyed my visit to sushi bomb .,0.19124292
this place is bomb diggity .,0.3266089
the performances were effortless and magical .,0.036162965
there was plenty of talent and a few bums .,0.39021665
- lrb - the good - rrb - 0 .,0.029445656
<UNK> is <UNK> on this place .,0.03875561
this place was dope .,0.36095104
its a must try .,0.015896067
weakest <UNK> sauce in western pa .,0.10870059
they charged 00 bucks to look at it .,0.029445656
give them a shot !,0.47886392
this experience ranks as just that .,0.01646154
this was no better .,0.02779579
everyone of the other coaches are the same way .,0.013634177
this stadium is an absolute gem .,0.07291982
great gym to be at .,0.024613906
no complaints otherwise than the ones listed above .,0.015958898
it truly is 0 star .,0.049584184
cesar h in the drive thru is the man .,0.03592727
not too many teams offer that .,0.011560776
keep up the good work !,0.012440401
i show up at 0:00 .,0.03592727
the <UNK> program is a joke .,0.17458448
the station went from jack to jackass .,0.4269174
it ' s a damn shame .,0.6027529
it was pretty good from what i tasted .,0.025910228
i only got though 0/0 of that shank .,0.19314334
not the end of the world , but close .,0.039462693
minus one star for the grind .,0.02343543
this place is great for someone on a budget .,0.02343543
the byob makes this place golden .,0.043646812
how is this place not rated higher ?,0.018974753
minus one star because they charge for coffee .,0.017592486
two eggs , sausage , potatoes , and fruit .,0.049336795
why is it so damn good ?,0.4977744
i ' ll tell you why .,0.018974753
the hype is real .,0.031213367
this was good times .,0.020960633
the service here was great .,0.019226074
' ' that about sums this course up .,0.016838523
mains : thank god .,0.02072494
great pianist and <UNK> , doing their thing .,0.034277402
the place is really tiny .,0.023553278
and this place does it near perfection .,0.017215505
i am a repeat <UNK> type of guy .,0.057005897
this place place makes a mean chicken parm .,0.11140333
the mains were the stars .,0.02072494
i like this place a lot .,0.018974753
we all had a <UNK> sandwich .,0.02543884
this place is worth checking out .,0.030859824
and that ' s all there is to it .,0.01847211
hits the spot each time .,0.075294
it pays little attention to detail .,0.019100413
the food is great .,0.017718147
that ' s it that ' s all .,0.020607091
that ' s not hyperbole .,0.014890783
the big con is that there is awful wi-fi .,0.15435068
the best donut shop in the world .,0.021196328
chicken parmigiano was excellent , strong drinks .,0.021314176
there is no overall security on the facility .,0.013508516
do yourself a favor and stay anywhere but here .,0.17631748
the rooms are clean spacious and well appointed .,0.015204934
live blues players on hand .,0.021432023
the room also has a small microwave and refers .,0.015204934
i wanted to pay but it was well worth .,0.025203144
i have no problem paying the rate again .,0.014953613
anyways , about my rating .,0.019226074
this is a go-to chain steak house .,0.044636376
chile rellano was not that good .,0.22980402
the # 00 was very good .,0.04290464
stay way from this place at this time .,0.09308127
00 minutes to count a drawer .,0.039462693
i ' m the only one in the place .,0.02249265
these people can not count .,0.29953843
french fries and chicken tenders were also very good .,0.0154562555
portions seem either to small or to large .,0.11036996
very good classic new york pizza .,0.015644746
that said , the food is awesome .,0.01419965
they were happy guys and very positive .,0.019854378
i was initially satisfied .,0.025085296
overall , a good experience , highly recommend .,0.012126249
i do n't understand the hype .,0.028620722
i live about 0 miles away from the <UNK> .,0.029563503
beautiful facility , friendly staff , affordable prices .,0.01024134
they had the truck done within about 00 minutes .,0.015707577
updated to 0 stars for the service department only .,0.019477395
the experience this time was not quite as smooth .,0.028974265
the ccw course was extremely well done .,0.011874928
great concept and execution .,0.07054565
the wasabi mayo is awesome .,0.026735162
beans and rice were both very good .,0.018723432
i struggle with my star rating for five guys .,0.03875561
some of the reviewers complained about long waits .,0.017843807
nice sports bar vibe .,0.027560094
- lrb - no cracker barrels in california .,0.048099842
considered a historic hotel of america .,0.011246625
if you golf there are 0 courses for you .,0.08004235
found this gem through <UNK> .,0.019854378
the wigwam was a pleasant surprise .,0.075294
was driven there in a golf cart .,0.042657252
valet parking is free .,0.013697007
maybe it is n't so common ? ? .,0.015079274
no standard definition on a high definition tv .,0.011372286
was n't a big deal but still seemed off .,0.021785567
the pools are heated by the way .,0.025203144
the gelato is great but the service sucks .,0.6407703
must be the best sushi in vegas .,0.023199737
where locals go for sushi .,0.03192045
it also helps that this is literally amazing coffee .,0.015770407
the seating area could be cleaner .,0.01834645
i can not get over this place .,0.042657252
this is my go to starbucks .,0.021432023
this service went above and beyond what i expected .,0.01859777
one suggestion is to carry an ipa on draft .,0.027088705
great draft beer selection .,0.013571346
great actors and props .,0.016712861
we were both satisfied and will return .,0.013257195
had to run after him .,0.05255287
triple aaa should be renamed triple <UNK> .,0.041172907
had the parts i needed for the repairs .,0.0201057
hope they do something about this .,0.019854378
for the money , it was way overpriced .,0.013885498
nevertheless , produce still cheaper than standard supermarket chains .,0.007853788
lots of items to select from .,0.014011159
- bargain priced for downtown .,0.0131943645
- service by staff was excellent .,0.008733413
heaven for ayce <UNK> .,0.020842785
service was the worst i ' ve experienced .,0.24763705
one of the staff left a voice message .,0.017089844
small hospital cafe at banner good <UNK> medical center .,0.017466826
we have to call these are airport quality burgers .,0.013131535
just a few words about jake .,0.021903414
these guys are amazing .,0.02920996
pretty typical for a dive bar .,0.102192536
went there sunday for open mic .,0.025910228
dont get people waiting an hour to get in .,0.020960633
go to yelp as im new in town .,0.019854378
very professional and knowledgeable .,0.01225191
keith was quick to diagnose and fix problem .,0.008921904
was ok but nothing special .,0.02107848
seriously ... and the beer is not that great .,0.034513097
. unfriendly atmosphere among patrons .,0.09351514
. by far the best laundromat ive been to .,0.044636376
plenty of seating and very clean .,0.027677942
can not believe this place is still in business .,0.027913637
. great staff for starters .,0.01225191
. these guys are the best .,0.024731753
i can now drive safely and night .,0.012943043
it is like living in hd .,0.04834723
procedure was painless and recovery quick .,0.023317585
. especially lived the <UNK> .,0.02920996
sunday morning breakfast was a treat today .,0.017215505
service was prompt and server was attentive and knowledgeable .,0.011246625
however i did have to ask fir the check .,0.012566062
could have used some old bay .,0.026499467
. price was good for the value .,0.013005874
. i get better medical advice from the internet .,0.026028076
great app and great service .,0.015079274
but no pressure or feeling of expectation from drivers .,0.009801528
had the ahi tuna over hummus .,0.055026773
sat by bar at large table .,0.039935954
highly recommend this place .,0.014450971
. forgot to mention server matt was great .,0.0201057
get real , rick .,0.019477395
outstanding resort and will be back .,0.009110395
room was amazing with incredible views .,0.02035702
love the golf cart transportation around the resort .,0.009550206
to begin , bouncer was unfriendly and <UNK> .,0.2359567
city center is boring .,0.25462922
there are much better options in vegas .,0.014953613
alright , let ' s talk about the good .,0.02107848
these places are great for location .,0.01438814
a nice garage as well .,0.019100413
i got ta cut costs .,0.022256956
so i call up the staff .,0.018723432
` ` rent only goes up .,0.015519086
rent never goes down .,0.012691722
` ` explain this to me .,0.017466826
they run the apartment , not me .,0.017341165
if you want to find a home ?,0.014576632
a place where you feel welcome ?,0.06065326
call josh and let him help you out .,0.034984488
i discovered this little bar while in the area .,0.023906821
do yourself a favor and check this place out .,0.1373533
well , go on this .,0.024260364
worth the money and wait .,0.018095128
only the best shop in town .,0.013320025
they had none left and it was 0:00 pm .,0.013634177
that too was not available .,0.011183795
hence , only 0 stars .,0.023671126
i only hope the owners take note .,0.014702292
its just not a pub .,0.015519086
an honest and <UNK> review .,0.020231359
tables are cheaper at the casinos up there .,0.013445686
this place was a nice break from the strip .,0.044141594
vegas strip in the background .,0.112436704
reservations are a breeze with open table .,0.04166769
attentive wait staff and superb presentation .,0.0103670005
next time presidential gets my business .,0.037105743
good if you have <UNK> .,0.04735767
great service and tom knows his knowledge of plumbing .,0.022846194
thanks again for the great advise .,0.012126249
definitely check this place out .,0.039935954
just a great breakfast cafe .,0.012943043
i can not recommend this place enough .,0.027206551
wow was i wrong .,0.031684756
this place is shoddy people .,0.36095104
you all should be ashamed .,0.37694603
this was a cool little place .,0.02072494
i started with a great drink .,0.028502874
everyone seems to say the beef wellington is amazing .,0.034984488
so i figured that would be a safe bet .,0.01426248
all in all it was an ok experience .,0.014953613
all i can say is that it was good .,0.019728716
$ 0 beers all day everyday .,0.022021262
go with your gut on this .,0.32236105
never order a <UNK> cannoli , thats weak !,0.20839658
the line here can pretty long .,0.0154562555
thats fine , it happens .,0.020842785
it was sunday so football was about to start .,0.011435116
in the end , the pizza here is awesome .,0.017466826
the kobe beef was excellent .,0.034984488
the atmosphere is a sports lovers dream .,0.034277402
needless to say , it was underwhelming .,0.022139108
old owner and staff very friendly .,0.0131943645
new owner could care less .,0.059479803
the employees were outstanding .,0.016838523
amazing crepes made from local sources .,0.048099842
amazing price for decent rooms .,0.012126249
credit to the gm for finally getting it right .,0.008859074
perhaps i stuffed a microwave in my carry on .,0.056263726
steve o at the bar does an awesome job .,0.020960633
the tom ka soup is outstanding .,0.024142517
whoever did the interior design needs to get fired .,0.13561769
this hotel and casino is a piece of shit .,0.91625386
i have already booked a return visit .,0.015079274
five stars , easily .,0.018849092
they open at 0pm .,0.012314741
in a nut shell <UNK> intended ha !,0.20102765
stay as <UNK> from this place as possible .,0.1991664
left nitty gritty to get tobacco .,0.18744208
if only the door people were n't crab people .,0.3127066
god <UNK> pizza fans .,0.07608539
played for about 0 hour and had 0 beers .,0.019477395
glad there tip help pay for the beer .,0.016587202
do not deal with adam .,0.103928015
he had razor burn all over his stomach .,0.23198941
excellent service with friendly staff .,0.010492661
shrimps , empanadas , relleno all very good .,0.035691574
and , of course , it is quite noisy .,0.11192002
anyway , it is not westin ' s fault .,0.023671126
db is celebrated chef and his own brand .,0.015833238
atmosphere is quite pleasant , resembles parisian brasserie .,0.03781283
i highly recommend aces & ales if your in vegas,0.019854378
i had two <UNK> of fantastic pinot .,0.05378982
this place just gets it .,0.02308189
great local place for moon valley .,0.008356431
congrats to joe and <UNK> for another great concept .,0.010492661
this week the special was fried lobster and chips .,0.021196328
fuego is a good time tex-mex street food place .,0.02920996
<UNK> are absolutely spot on .,0.01419965
my favourite dish was shrimp tempura roll .,0.021314176
otherwise they would surely have got only one star .,0.020607091
pizzas tasted way below average .,0.026263772
borders were n't crunchy , but really doughy .,0.09611836
what an enjoyable experience .,0.014576632
their avacado blows my mind .,0.17371799
no one faces the bar which is odd .,0.036634352
these sorts of places are relative .,0.021314176
experience was better than expected .,0.014765122
would highly suggest doing this with a small group .,0.03192045
how can a sandwich joint not have mayo .,0.044883765
this place is a front for the russian mob .,0.28312725
that was not the case here .,0.011497946
wife and kids enjoyed the <UNK> .,0.061444655
the tiramisu was also very good .,0.032863233
the menu looked impressive with very reasonable prices .,0.010429831
the waiter was very friendly .,0.016587202
the waiter moved us to another table .,0.022610499
two of the kids split the ribs .,0.11912931
had salami and mushroom pizza .,0.015079274
had a medium cheese pizza .,0.017089844
service - sub par .,0.005717558
the service should match .,0.01237757
skip desert as well .,0.054531995
not a mochi fan , but my wife is .,0.102192536
i liked this place better than yama sushi .,0.041915078
well reviewed for good reason .,0.0103670005
they all had the same strategy .,0.01834645
does the ac / heater work ?,0.009927189
does the sliding door to the balcony work ?,0.022964042
- rrb - old-school tube tv .,0.0036912805
<UNK> waiting after 00 minutes .,0.028974265
the sides however were entirely delightful .,0.027088705
not sure if i ' ll be back .,0.020231359
overall , good but not special .,0.019477395
great place and reasonable prices .,0.008356431
also <UNK> are not badly priced .,0.019728716
for $ 000.00 you ca n't beat it .,0.031684756
. you wo n't like this place .,0.09828771
always tried over the counter <UNK> .,0.022610499
i had one <UNK> with me .,0.021432023
i called this place .,0.024731753
. dr logan answers to the phone .,0.011749268
no guarantees you will get over the phone visit .,0.013382856
$ 00 and i was done .,0.026028076
the service is top and on their game .,0.019980038
the service is spot on with what i expect .,0.015016444
no <UNK> , just doing it right .,0.0201057
the variety of music was a pleasant surprise .,0.020607091
you cant go wrong with <UNK> .,0.034277402
the decor is <UNK> .,0.024142517
the old fashioned kind you attach to a hose .,0.32128486
a real imax theatre , not just named one .,0.015958898
brake masters is not a rip off .,0.08083374
i feel very confident in their skill and honesty .,0.014450971
strange thing goin on with pricing .,0.017969469
thats kind of deceiving to potential new customers .,0.09872158
the old stuff is n't noticed as easily .,0.021903414
local management changes all the time .,0.009613037
tempe is still the neglected one .,0.06579731
that was about about 0:00 .,0.02920996
there ' s plenty of staff on hand .,0.015393426
an outdoor table is a must .,0.021196328
. this is a smokers paradise .,0.09525062
a few hours later a supervisor called .,0.0143253105
got hosed on my award item .,0.08320791
i will never ever contract with cox again .,0.21776234
this club has self checkout .,0.040430736
scan your card and grab a hand held .,0.09394901
it has some issues on a daily basis .,0.02826718
if you ' re middle aged , good luck .,0.06817148
signage : poor to non existent .,0.12260055
years and years of poor planning .,0.09568449
in serious need of a make over .,0.024849601
a better produce section than main & alma school .,0.012503231
the food is great .,0.017718147
why the number sign then ?,0.009864358
just bizarre i love this place .,0.031331215
some sections are a bit cramped though .,0.079250954
similar concept time warp banking .,0.017089844
like banking in the early ' 00s .,0.012943043
excellent meat and produce department .,0.01633588
it cramped and this is not it .,0.14256015
this is like <UNK> good .,0.026499467
. # 0 buffet in vegas .,0.025203144
lobster corn chowder was nice but kinda salty .,0.036634352
outer guys you are the front line .,0.06579731
- no means no both ways homies and <UNK> .,0.10653123
for 0 guys , that was plenty .,0.05824285
the bruce lee of boba drinks .,0.2524482
avoid this tourist trap at all costs .,0.059232414
the food is amazing and the prices unbelievable .,0.029563503
and their charges were more than reasonable .,0.010618322
drink prices and entry <UNK> reasonable .,0.025203144
nothing had changed at all .,0.019980038
this is one odd little neighborhood diner .,0.015079274
the restaurant also doubles as a bar .,0.013948329
not a bad place , not stellar either .,0.026735162
$ 00 after tip .,0.022256956
yes , the poutine was a letdown .,0.28087774
the bahn mi dog however , was outstanding .,0.10175867
not the easiest place to get to .,0.015519086
they take us dollars at par .,0.03015274
classic greasy spoon in the <UNK> .,0.2043827
there ' s a reason for this .,0.01633588
<UNK> frozen fries and <UNK> cheese curds .,0.032863233
the gravy is a power , but sufficiently spicy .,0.08953904
or have good bbq .,0.059974585
at 0pm on a tuesday .,0.009675868
overall , it was a decent burger .,0.0137598375
not a $ 00 cheeseburger .,0.012314741
what do you know about poutine ?,0.026617315
the poutine was just as described .,0.049831573
the poutine is a dissapointment .,0.38434127
the rooms were fine but minimal .,0.054037213
interesting <UNK> in <UNK> .,0.023199737
the place has the typical montreal chinatown look .,0.07608539
the bill was moderate .,0.014702292
a good broth takes a long time .,0.031213367
we had two full <UNK> boxes .,0.034041706
one star knocked off for the service .,0.038991302
not bad , not good , but not memorable .,0.034277402
the place itself is very simple .,0.020231359
- rrb - , <UNK> screamed attitude .,0.08874765
the ribs were fall off the bone .,0.10089093
you never go to verdun .,0.044388983
both fulfill the basic requirements .,0.008482091
$ 0 with taxes for the one pictured above .,0.010429831
yep , your best bet in this international terminal .,0.01633588
english is a beautiful language .,0.020607091
just expect cheap both ways .,0.043646812
this places does it right in the details .,0.012063419
it is very good .,0.019226074
cheese : cheddar cheese curds .,0.11336674
big props for the orange glazed donut also .,0.023671126
it ' s really two separate places .,0.012566062
the shrimp and vegetables meal was average .,0.024142517
if you feel like experimenting , why not .,0.021549871
the good + 0 for the giant poutine .,0.11171334
montreal pool room is an institution .,0.011812098
any place would be better than here .,0.103928015
00hr spot in the sls hotel .,0.022964042
i had the chicken fajitas and el mayor margarita .,0.01633588
service is a little slow but overall good experience .,0.02048268
. not a lot of traffic at all .,0.015142105
went well with a good guinness .,0.024378212
cool little spot to pop in when in charlotte .,0.014827953
the beer was a tad <UNK> .,0.11088664
the seasoning was unbelievable .,0.037105743
tons of beers of tap as well .,0.024849601
<UNK> come back when in charlotte .,0.03781283
cool bar , and nice <UNK> .,0.025556687
really nice whole foods location .,0.014073989
price is moderate to high .,0.012314741
overall it was a good meal .,0.021785567
cool hotel right in the heart of the epicenter .,0.011937759
so factor that into your stay .,0.01847211
seriously this place is trying to scam people .,0.29039988
there are other options .,0.011686437
get yourself together toby .,0.10913446
every other one was a toby keith video .,0.050326355
join the rest of the 00st century vegas .,0.032156147
where the hell is your swimming pool ?,0.5532103
things i liked about harrah ' s : 0 .,0.059974585
$ 0.00 heineken keg cans in the lobby store .,0.016210219
$ 0 miller lite .,0.01017851
order him a sage fried chicken and bacon waffles .,0.029445656
or maybe it ' s just a nice place .,0.01646154
this place appears that it could be pretty cool .,0.021667719
that shit was choking me all night .,0.82048255
crispy and friggin good .,0.37751234
never had any issues with maintenance or noise .,0.011120965
good omelet ' s and great <UNK> .,0.028502874
what more could you ask for ?,0.022256956
im a huge fan of <UNK> .,0.027324399
<UNK> is the real deal .,0.02920996
no , not <UNK> : montreal .,0.01419965
do n't waist your time .,0.10089093
overpriced , low end italian food .,0.07371122
poor , i attentive wait staff .,0.07608539
succeeds as a tourist trap !,0.06065326
i would give them a zero if i could .,0.06065326
plus the owner is a dick .,0.85333383
the sides are solid too .,0.017843807
just a great all around experience .,0.013382856
in a mostly empty dining room .,0.011372286
not the case here .,0.010995304
all in all distinctly average with slow service .,0.057748068
