Laughing out loud, that was actually hilarious.
Oh my god, I can't believe that happened.
I love you, thanks for being here.
You did great, for real.
Let me know, if you need help.
I don't know what to eat tonight.
Just vibing today, how about you?
To be honest I kinda liked it.
Lowkey wanna take a nap.
I’m not going to lie, this is pretty fun.
Just chilling right now, what you doing?
Thank you for the help earlier!
Be right back, grabbing lunch.
Good game, that was a good match.
Shake my head, I forgot my keys again.
Gotta go, talk to you later!
For real, you deserve all the good things coming your way.
I love you so much, thank you for always supporting me.
Laugh my ass off I can’t believe how good that turned out!
Laughing out loud that was so wholesome, I can’t stop smiling.
